{
	"schemaVersion": 1,
	"id": "mccourse",
	"version": "${version}",
	"name": "MC Course Mod",
	"description": "This is an example description! Tell everyone what your mod is about!",
	"authors": [
		"Lenny Kay"
	],
	"contact": {
		"homepage": "https://fabricmc.net/",
		"sources": "https://github.com/FabricMC/fabric-example-mod"
	},
	"license": "MIT",
	"icon": "assets/mccourse/icon.png",
	"environment": "*",
	"entrypoints": {
		"main": [
          "net.lenny.mccourse.MCCourseMod"
		],
		"fabric-datagen": [
			"net.lenny.mccourse.MCCourseModDataGenerator"
		],
		"client": [
			"net.lenny.mccourse.MCCourseModClient"
		]
	},
	"mixins": [
		"mccourse.mixins.json"
	],
	"depends": {
		"fabricloader": ">=0.14.21",
		"minecraft": "~1.20.1",
		"java": ">=17",
		"fabric-api": "*"
	},
	"suggests": {
		"another-mod": "*"
	}
}